query,Iteration,--base Total Energy (J),index Total Energy (J),compression Total Energy (J),index-and-compression Total Energy (J)
1,1,349.015,115.379,327.515,134.039
1,2,315.747,145.455,313.064,137.243
1,3,310.136,133.121,320.986,133.452
1,4,316.988,150.079,312.529,142.548
1,5,313.818,133.309,328.398,129.909
1,6,320.968,160.874,325.299,131.744
1,7,311.169,136.382,325.564,129.795
1,8,311.12,140.199,310.047,134.9
1,9,314.114,137.056,314.206,141.593
1,10,314.772,156.977,323.136,131.649
1,11,314.08,140.617,319.214,135.188
1,12,319.574,133.387,310.852,135.119
1,13,320.726,164.126,312.937,148.45
1,14,310.637,133.466,320.238,132.347
1,15,309.184,134.491,320.785,152.842
1,16,313.506,131.938,315.358,133.154
1,17,324.429,141.604,323.999,128.435
1,18,344.873,137.737,318.709,132.034
1,19,354.727,138.559,308.886,129.522
1,20,318.984,143.227,315.585,152.18
1,21,321.743,137.176,325.623,130.785
1,22,316.996,136.315,313.861,137.4
1,23,322.25,147.171,315.373,143.814
1,24,318.357,135.645,318.998,130.92
1,25,326.265,139.941,312.573,139.734
1,26,324.229,134.621,314.249,131.576
1,27,312.831,145.085,313.636,133.216
1,28,317.459,136.111,314.137,131.358
1,29,326.299,133.861,329.779,131.208
1,30,312.871,135.637,325.262,136.166
2,1,2.23741,7.7618,9.37329,7.52203
2,2,0.81642,8.23447,6.94649,6.27732
2,3,0.69379,7.75294,6.74132,7.44076
2,4,1.37779,6.72128,8.36324,8.80938
2,5,1.2532,6.90357,8.25902,6.47764
2,6,2.13091,6.18554,8.63943,6.75171
2,7,2.80931,7.41049,9.14005,7.2673
2,8,1.25868,8.70665,8.96613,8.18785
2,9,1.12829,8.16753,9.27892,7.87337
2,10,1.90139,8.23276,9.23133,6.77066
2,11,2.21631,7.61261,7.71888,7.8485
2,12,1.62518,7.99965,6.97377,8.33371
2,13,3.05673,6.94795,8.85848,7.93471
2,14,2.5035,8.31269,8.84827,6.56668
2,15,1.62296,9.60363,6.73974,6.6262
2,16,3.36948,7.10041,8.82846,7.35639
2,17,3.27563,8.44116,8.6115,7.13125
2,18,2.96278,7.51791,9.94095,9.15448
2,19,1.87429,7.7576,6.67747,8.13497
2,20,2.45924,8.01897,9.20377,7.0595
2,21,2.33097,8.18596,8.00619,6.72451
2,22,2.77429,6.34487,9.90736,7.48994
2,23,2.23582,7.25532,8.08044,6.87234
2,24,1.33504,6.46478,9.04695,6.44298
2,25,1.04917,7.91215,8.33302,7.74684
2,26,0.672594,7.11682,8.30825,7.49982
2,27,0.350035,8.43236,6.64944,7.0586
2,28,1.50577,7.87263,8.31875,8.00237
2,29,0.988353,6.65948,8.35147,9.67399
2,30,1.46552,6.94329,9.17974,7.68998
3,1,77.7668,58.0848,55.6139,53.5631
3,2,54.9132,52.573,52.6762,52.8749
3,3,56.7981,59.3445,54.5933,54.8045
3,4,62.2568,56.8734,52.3604,48.2673
3,5,57.4972,58.4708,53.3022,50.9624
3,6,63.075,61.729,49.508,53.6773
3,7,59.291,54.7726,56.2294,50.0747
3,8,60.318,56.8321,52.1577,53.853
3,9,58.8181,59.2235,47.281,53.6118
3,10,59.4311,57.8344,53.8868,56.3973
3,11,63.8295,59.0892,54.7398,54.6405
3,12,62.3005,56.9265,53.5109,57.1332
3,13,58.3916,55.9943,57.3381,55.7156
3,14,60.8023,58.161,55.0799,56.3987
3,15,62.7227,58.6296,56.5977,59.6012
3,16,57.0078,53.2892,55.5644,57.3943
3,17,55.9547,54.5043,53.656,53.551
3,18,61.5159,58.0814,55.1705,55.9713
3,19,57.5836,60.362,54.606,52.2658
3,20,59.4641,60.6795,53.1176,53.4012
3,21,63.5478,60.3504,51.066,54.5022
3,22,63.6754,56.9566,50.2244,58.4687
3,23,61.3201,55.7545,53.836,57.8618
3,24,61.1448,55.1884,52.5974,53.3365
3,25,59.5593,56.7682,53.6451,54.6303
3,26,56.857,53.8457,54.4752,53.6494
3,27,55.7865,57.6626,55.7715,53.559
3,28,59.1574,58.1935,54.2527,58.4257
3,29,56.7974,57.9968,54.4133,54.715
3,30,59.0306,61.5558,51.3756,51.3837
4,1,311.946,286.985,260.928,277.275
4,2,316.343,270.684,285.628,259.951
4,3,4.05832,261.168,2.47958,264.559
4,4,7.00661,267.703,5.14775,2.29211
4,5,5.50395,4.20849,3.89184,2.84854
4,6,4.66743,2.42088,3.26434,2.91393
4,7,7.76283,2.46417,5.65361,2.68147
4,8,4.51549,3.27888,3.05678,2.18433
4,9,7.59217,2.38006,2.23473,2.57933
4,10,4.88999,2.66863,5.08506,2.677
4,11,7.17686,3.70425,5.27951,2.46118
4,12,5.1635,2.2974,4.82861,2.76754
4,13,6.23658,3.61643,5.76866,3.87753
4,14,4.57137,2.33265,3.45408,2.64777
4,15,4.77763,2.54045,3.12294,3.5066
4,16,7.43088,2.4424,1.9501,2.87748
4,17,4.37786,3.53791,3.04754,3.49514
4,18,8.39275,2.77138,4.76793,2.53822
4,19,5.35615,3.27577,5.18844,2.6132
4,20,6.78514,3.88017,3.71661,2.83213
4,21,9.52985,3.15138,2.97287,3.051
4,22,3.79936,2.62787,4.7236,2.63646
4,23,8.38917,2.68955,5.46018,4.18298
4,24,4.65376,2.52966,5.24341,2.47636
4,25,6.9594,3.45746,4.65777,2.28415
4,26,5.2568,3.25455,2.7747,1.34624
4,27,7.65688,3.43156,4.24312,3.11796
4,28,6.07059,3.01439,6.55941,3.18381
4,29,6.37672,2.32534,3.78383,2.60195
4,30,5.99208,3.67214,5.73302,1.46888
5,1,20.3679,29.8391,17.978,26.8497
5,2,22.5643,28.2408,19.109,25.1838
5,3,22.8492,23.935,16.6675,23.5368
5,4,21.5034,25.8439,19.3199,24.2615
5,5,19.3568,27.4805,19.8753,23.296
5,6,20.0082,27.7672,21.0014,23.1483
5,7,21.9134,27.038,19.6672,26.722
5,8,21.6424,23.7735,14.5801,22.488
5,9,21.3803,27.7042,19.5357,22.5472
5,10,21.3031,27.7338,18.6176,29.2976
5,11,23.0762,25.9386,18.2758,26.8274
5,12,23.1243,27.7484,16.9677,23.4869
5,13,20.3883,23.6765,18.0105,24.19
5,14,20.5793,24.0508,17.3248,27.153
5,15,20.7983,23.2561,21.0395,31.4455
5,16,21.1685,26.6589,22.1509,27.9602
5,17,20.6486,28.5074,18.8335,26.3068
5,18,20.9506,28.191,17.9645,23.6547
5,19,21.6924,26.1123,19.1103,25.7863
5,20,20.8998,28.8445,15.4489,24.9099
5,21,20.7621,24.9917,13.7539,22.9875
5,22,25.3469,25.9721,17.7156,22.5561
5,23,19.4693,23.4935,18.2102,26.9283
5,24,21.1967,25.1408,18.166,23.201
5,25,23.0487,26.3045,18.424,24.3258
5,26,21.145,27.312,18.4845,24.1079
5,27,21.0782,28.1802,18.5228,23.9084
5,28,19.6679,27.7697,17.3931,25.4748
5,29,22.1555,27.8769,15.696,24.3573
5,30,22.7455,25.699,17.6833,24.2024
6,1,35.5102,32.6435,37.759,31.2335
6,2,36.6599,34.411,32.19,37.7179
6,3,36.8942,33.5556,33.7943,39.2293
6,4,38.7626,36.8603,33.1371,32.0723
6,5,36.1936,34.8542,34.1989,35.7334
6,6,34.4468,36.3644,31.9112,33.3803
6,7,35.0246,35.0303,36.1083,32.7911
6,8,34.4236,31.7593,34.9732,34.815
6,9,34.6997,35.6993,35.1019,35.1677
6,10,35.0524,37.2029,36.9126,34.1902
6,11,36.1003,38.4364,31.6133,37.2242
6,12,36.4858,34.2279,35.752,36.449
6,13,37.1426,31.8447,31.3051,35.3448
6,14,34.8685,36.539,33.7671,40.7583
6,15,35.12,35.8301,32.1874,38.4828
6,16,33.9842,36.0553,36.6206,36.5989
6,17,32.8579,37.1566,34.0725,37.7428
6,18,35.785,31.5908,35.5827,37.2357
6,19,34.5741,35.1368,33.5281,38.935
6,20,38.9728,32.3979,35.1947,35.6187
6,21,35.4455,35.7486,34.1587,38.8625
6,22,34.3215,33.7942,33.1188,37.1074
6,23,35.2186,34.4931,32.13,33.3694
6,24,35.8981,34.9794,35.8391,33.7696
6,25,33.6093,36.102,31.4854,37.8922
6,26,35.9385,37.6482,34.3302,39.0983
6,27,30.6439,34.088,30.5034,33.9529
6,28,35.832,32.3001,29.4789,37.2881
6,29,36.5632,32.1203,30.838,37.3611
6,30,37.6407,32.8979,30.8623,34.6776
7,1,28.9073,31.3667,28.4199,35.53
7,2,30.9019,32.8838,29.0913,35.614
7,3,30.4274,31.6593,28.1201,31.4927
7,4,31.0714,34.337,33.6531,32.113
7,5,28.8115,34.2442,29.9377,32.0165
7,6,25.4127,32.4107,34.3529,41.1282
7,7,33.9095,28.6661,33.4726,35.1986
7,8,25.7928,30.6256,35.1803,32.8167
7,9,25.3916,37.3846,27.5889,32.0478
7,10,27.5003,37.8634,29.9244,33.5293
7,11,27.0719,33.7353,33.3042,31.8174
7,12,28.3371,37.6228,30.7891,31.439
7,13,30.0172,32.812,30.3004,36.7216
7,14,29.0969,34.658,33.1821,35.5446
7,15,29.7555,34.6355,30.7988,33.3936
7,16,27.9559,32.9255,28.8276,35.8413
7,17,28.367,36.1308,26.8263,33.4045
7,18,29.2972,31.1806,29.5997,29.6612
7,19,27.8218,34.9022,32.2567,35.7501
7,20,31.7793,34.2718,32.1946,31.0404
7,21,27.5552,31.2133,31.6489,30.9839
7,22,26.928,36.2896,31.521,32.7487
7,23,26.3221,31.4267,30.247,31.7253
7,24,29.2366,33.2909,30.6119,31.6138
7,25,29.4744,37.4014,30.0658,30.5335
7,26,30.706,30.0842,28.9075,30.8048
7,27,30.0062,34.4287,29.9794,29.7201
7,28,28.7452,32.9618,27.9034,34.6411
7,29,29.8801,36.2836,29.2535,36.1364
7,30,29.8689,36.9909,29.3152,31.5018
8,1,27.8677,39.2699,28.083,37.9829
8,2,30.6436,36.6999,27.6106,38.1973
8,3,33.1554,40.8501,31.5013,38.1915
8,4,29.3955,38.7918,27.9621,40.2052
8,5,30.4774,41.8503,26.9703,40.7335
8,6,32.8077,38.1019,27.0783,36.3521
8,7,32.4098,38.0019,27.8408,40.3097
8,8,30.4309,38.5856,30.9174,40.9237
8,9,29.6334,39.1719,32.6377,36.5644
8,10,29.4052,36.4815,29.6025,38.5941
8,11,33.124,40.7961,31.4837,39.0293
8,12,33.5762,40.8169,28.7526,36.8177
8,13,30.4557,40.2765,28.3699,37.0989
8,14,29.8295,41.9806,30.5375,37.3413
8,15,29.1773,43.8129,31.5616,35.3262
8,16,28.5073,40.264,28.223,37.6054
8,17,30.5914,40.5078,28.5389,39.8695
8,18,31.9937,39.5946,30.479,35.9922
8,19,29.0329,38.2739,28.8037,37.2305
8,20,29.068,37.9458,29.9201,41.1546
8,21,32.952,42.5102,29.7051,38.1022
8,22,31.4,39.1385,27.2184,36.7534
8,23,30.0562,39.1721,29.7762,39.2658
8,24,31.8239,39.4854,30.8267,39.255
8,25,30.245,38.6693,29.5574,39.1442
8,26,31.6071,36.771,31.6208,39.425
8,27,28.9938,39.8067,29.598,38.6861
8,28,32.3337,38.5537,29.5638,35.3373
8,29,31.1984,38.6916,29.7455,38.0488
8,30,34.4815,38.1093,28.2867,36.1353
9,1,57.3867,9.57495,58.4589,5.62029
9,2,60.8861,10.809,55.0603,3.83741
9,3,61.9881,8.67277,58.984,4.67329
9,4,58.6424,9.69705,58.7801,4.3124
9,5,59.0411,10.5182,54.8762,3.81826
9,6,62.684,10.893,55.544,4.92402
9,7,59.6878,8.83046,56.8543,4.90339
9,8,61.3618,8.27261,54.1501,3.73128
9,9,60.1362,10.1069,56.964,3.43237
9,10,58.0379,9.40261,57.6542,3.46709
9,11,59.4337,7.22187,57.7059,5.14162
9,12,56.6431,9.02503,55.1225,3.67122
9,13,62.5062,8.24038,54.1744,5.31046
9,14,60.3612,8.55511,56.7199,4.00021
9,15,60.0141,9.63066,56.9402,4.13369
9,16,62.4632,9.02026,55.2457,3.42531
9,17,61.5238,8.85972,60.5692,3.24137
9,18,59.9175,9.34187,56.2524,5.23592
9,19,57.7729,7.95098,56.8834,3.50055
9,20,61.3801,8.03952,58.0397,4.62139
9,21,57.4707,9.88095,54.2618,3.86745
9,22,57.5631,9.27367,57.384,2.78306
9,23,59.9334,9.54327,55.5547,4.09996
9,24,60.483,8.88115,57.7596,4.52897
9,25,61.4481,11.1743,56.8408,5.27359
9,26,58.3913,8.14076,55.759,5.38205
9,27,59.5938,9.6635,56.816,5.13388
9,28,60.587,9.56498,56.4185,3.56894
9,29,63.0153,10.3077,56.311,3.66309
9,30,60.2934,7.75292,57.7604,5.36852
10,1,56.1759,23.7063,57.3377,53.9544
10,2,56.5797,23.4758,58.1184,53.6711
10,3,58.7321,23.4712,58.2895,51.365
10,4,57.7883,22.6283,54.7781,48.826
10,5,58.116,22.5043,56.916,51.4114
10,6,57.2466,23.748,55.8114,52.2627
10,7,58.5502,22.9245,58.2916,54.3525
10,8,58.3778,24.8328,60.1742,50.8781
10,9,59.8925,22.9647,54.3355,53.7001
10,10,58.033,22.2263,55.3358,53.0988
10,11,58.218,21.4381,55.7197,54.403
10,12,61.1985,22.2913,53.1888,53.0048
10,13,57.2896,22.4015,53.4499,51.6779
10,14,58.9667,23.1812,55.7127,54.2713
10,15,58.9677,25.1713,58.1222,53.9946
10,16,58.1502,22.4718,55.8182,51.5602
10,17,59.1445,22.3029,54.7577,54.1304
10,18,54.4955,23.0138,57.5468,53.3785
10,19,57.7976,23.7743,54.5153,54.5566
10,20,55.3966,24.4007,53.6289,53.6728
10,21,56.5028,27.6362,57.1411,52.955
10,22,59.0527,23.792,55.7658,54.6055
10,23,57.9962,23.145,57.3698,53.6567
10,24,53.0623,22.1475,56.8252,54.6533
10,25,58.394,22.4794,56.829,51.2101
10,26,58.0717,21.2308,52.9845,52.8456
10,27,55.7614,22.3217,54.7794,54.0522
10,28,56.2203,23.7867,55.8871,53.715
10,29,59.4818,25.5007,55.9404,49.2489
10,30,59.1338,23.477,56.2436,50.6546
11,1,5.58113,1.42148,4.43769,2.27789
11,2,4.12265,2.73923,6.54814,0.89385
11,3,5.43232,2.71825,4.14757,1.78722
11,4,4.92572,2.44846,4.32391,1.83857
11,5,3.5216,1.79566,4.32599,1.25916
11,6,4.85605,1.96243,-2516.65,1.99192
11,7,4.71421,1.38443,5.72543,0.962246
11,8,5.00961,2.06814,5.80819,1.60091
11,9,4.11171,2.18489,5.50483,0.714193
11,10,4.96501,1.28404,4.33574,0.832045
11,11,5.57262,2.24771,4.05828,0.7533
11,12,4.50241,2.58798,4.42419,1.06899
11,13,4.86938,2.47026,4.32002,0.722891
11,14,4.90636,2.73228,4.28499,1.49308
11,15,4.94373,1.31212,4.81911,2.52534
11,16,4.54258,1.22685,4.44299,1.79481
11,17,3.91522,1.07663,5.2018,2.0316
11,18,4.69181,1.4882,5.10303,1.13216
11,19,4.45868,2.7763,5.30666,2.19996
11,20,3.8036,1.59968,5.05327,1.95149
11,21,3.66155,3.26468,5.67691,0.886509
11,22,5.1335,2.10941,5.17324,1.38063
11,23,5.44759,1.30165,4.76561,0.831407
11,24,4.80258,1.15996,4.65743,0.822213
11,25,3.26568,2.2625,4.35168,1.80893
11,26,3.24485,2.3455,4.63498,1.25899
11,27,6.02349,2.05833,5.64176,0.823565
11,28,3.65597,1.0045,3.46491,1.21609
11,29,4.24022,2.07069,5.27881,0.819483
11,30,3.64706,2.2855,3.94645,1.02952
12,1,56.1143,17.8195,49.0024,14.1141
12,2,54.0721,18.9169,53.4175,12.764
12,3,56.2707,16.609,55.5674,11.5654
12,4,52.924,15.4378,48.6743,12.5131
12,5,56.6151,17.3269,53.3343,13.6509
12,6,57.5258,17.396,49.8836,12.1781
12,7,58.7907,17.7557,55.9509,11.4162
12,8,55.3176,19.1529,52.7705,10.2472
12,9,55.3819,17.5264,54.5292,10.7178
12,10,56.7888,18.5408,53.3108,11.5765
12,11,53.254,17.3203,54.7815,9.9268
12,12,58.3328,19.6563,56.2293,11.239
12,13,55.4088,17.7732,54.0658,11.0714
12,14,56.3004,15.3963,53.6959,11.9866
12,15,56.6757,17.4085,53.8097,10.8877
12,16,53.6328,16.5614,50.2777,9.81622
12,17,60.3718,16.2301,55.9321,12.3375
12,18,55.813,18.4931,51.1045,11.104
12,19,59.7343,19.8962,52.1319,14.1272
12,20,56.5433,17.36,53.8445,10.5082
12,21,55.8797,16.7867,55.7815,11.0019
12,22,56.3398,17.8156,51.3623,12.6898
12,23,55.837,16.6804,54.9213,13.7421
12,24,52.6516,21.8925,52.8077,11.9937
12,25,53.8374,18.2076,50.8766,11.6222
12,26,57.1638,16.4019,57.0041,12.0416
12,27,54.7223,16.0351,53.9572,10.48
12,28,56.1735,16.2219,53.7129,10.7662
12,29,56.7471,18.3262,52.8141,12.3261
12,30,57.203,17.995,54.4865,11.8594
13,1,50.5735,45.1623,50.0702,47.4369
13,2,48.0843,46.8778,45.6386,41.6533
13,3,51.1168,53.3712,48.1028,47.448
13,4,50.2228,50.7242,49.1728,51.1219
13,5,49.1698,49.0787,49.9942,48.8311
13,6,49.2464,48.3994,51.781,51.2316
13,7,47.0512,46.5677,45.6311,46.3805
13,8,52.2964,49.355,44.284,47.728
13,9,48.1202,48.4327,51.7682,49.4149
13,10,45.4814,49.3408,50.8333,54.0909
13,11,52.105,44.7325,47.9771,46.3129
13,12,52.0282,46.89,47.7282,50.0013
13,13,47.0421,48.7474,51.428,45.8693
13,14,51.0478,47.1895,49.4649,52.5107
13,15,49.0778,50.3272,50.0793,44.4603
13,16,52.8123,48.091,48.3613,47.3287
13,17,51.0082,46.2459,48.2953,47.0614
13,18,47.9034,45.8496,48.1698,47.7985
13,19,47.2048,47.6345,52.051,48.9104
13,20,50.2191,46.8721,46.1597,49.8045
13,21,50.4642,44.7288,45.215,51.5876
13,22,51.3322,47.373,48.3658,50.5197
13,23,53.2478,49.1335,51.05,47.0052
13,24,50.552,48.9371,45.7212,48.0026
13,25,48.7347,48.3839,47.0166,50.2248
13,26,45.8691,48.5649,48.7419,47.8608
13,27,49.152,48.5973,48.4145,49.4279
13,28,48.0557,47.46,48.1058,50.3376
13,29,51.8583,51.4016,51.0251,44.4748
13,30,50.218,47.1402,48.3071,46.6289
14,1,37.8051,10.8609,34.5113,4.93362
14,2,36.1264,5.04302,31.5538,6.71553
14,3,34.2649,9.04975,31.0439,7.5502
14,4,37.4531,8.67258,31.363,10.2298
14,5,35.5908,7.73255,34.4941,6.48087
14,6,37.9431,6.98887,31.388,5.52056
14,7,34.7497,10.2376,32.1621,6.47876
14,8,32.8788,4.32674,31.7699,5.01795
14,9,38.4966,7.6975,35.0456,6.9465
14,10,32.2671,9.75367,33.8383,9.66169
14,11,29.7085,7.47724,30.4498,4.74805
14,12,37.782,5.90375,33.1355,6.2249
14,13,35.2956,9.1657,30.1416,5.56209
14,14,36.6205,10.1785,30.0326,7.53776
14,15,35.3898,5.90576,35.8779,7.41446
14,16,31.9724,7.73025,36.1368,7.29062
14,17,36.2059,6.45644,29.6645,4.24655
14,18,36.3651,7.07919,35.0096,7.50151
14,19,37.555,5.75963,30.9345,9.42278
14,20,37.3718,9.27587,30.1544,10.1217
14,21,35.837,4.67902,30.3735,8.18183
14,22,32.936,7.04892,33.0044,7.89885
14,23,36.1094,7.74673,34.6284,9.03178
14,24,32.3742,8.96849,35.9282,7.34597
14,25,40.0565,7.21367,30.6516,7.63099
14,26,34.5516,4.71894,35.4317,7.0479
14,27,36.7808,5.02715,31.6898,7.25817
14,28,33.0755,4.11874,30.9063,8.92526
14,29,36.096,5.01366,29.4191,7.94186
14,30,33.0918,9.42478,29.4335,8.76955
15,1,76.4992,47.9011,75.0374,47.2573
15,2,72.8409,47.9413,72.9734,51.2691
15,3,73.8785,49.0819,71.2286,45.607
15,4,80.2582,50.2052,72.3893,43.7808
15,5,76.1564,52.8173,80.0696,49.6295
15,6,78.7289,50.0766,72.8766,46.2106
15,7,77.6166,42.526,75.6223,44.413
15,8,76.0874,39.8196,74.2617,46.1696
15,9,81.1116,45.0588,68.9079,48.1049
15,10,78.7972,46.2469,73.2134,47.7178
15,11,82.5171,50.0917,77.6728,49.3861
15,12,112.589,46.1846,71.5301,47.2943
15,13,113.041,48.9365,74.3159,44.4296
15,14,110.78,50.7653,73.2558,48.4086
15,15,110.091,39.751,74.454,49.3255
15,16,108.964,45.7992,75.7011,48.5869
15,17,108.232,47.3358,74.5981,49.4913
15,18,107.508,46.1374,68.8109,48.4782
15,19,114.546,43.416,72.3779,46.1092
15,20,117.096,42.0266,75.1175,46.3158
15,21,111.83,49.0958,71.5613,49.2317
15,22,108.159,42.2298,72.169,45.121
15,23,106.763,49.5582,72.5298,47.3685
15,24,108.706,48.9579,69.4569,50.1978
15,25,104.885,40.6194,75.3245,45.6266
15,26,107.726,46.0316,74.7284,42.0822
15,27,110.355,50.6161,73.7384,47.3348
15,28,105.913,47.2773,69.7417,51.6376
15,29,107.307,47.1188,76.8911,50.7463
15,30,114.068,47.415,74.7787,40.3499
16,1,23.3766,18.7355,18.4518,-131054.0
16,2,26.2878,17.0458,19.1521,15.1953
16,3,23.6027,18.1012,19.6463,18.8458
16,4,24.3423,19.1328,17.4491,18.9632
16,5,26.4382,18.9467,19.7361,18.7351
16,6,23.9005,18.6297,18.3442,17.4643
16,7,23.5296,15.9498,18.8707,18.1924
16,8,28.1395,14.9895,17.269,18.9898
16,9,25.1247,19.0133,18.953,18.2865
16,10,26.3052,18.8692,18.423,17.8825
16,11,24.5885,19.2645,16.0398,16.7778
16,12,23.4514,18.8667,19.153,17.3553
16,13,24.0535,18.8859,19.6764,18.5618
16,14,26.4277,18.0885,21.5554,18.2715
16,15,26.043,15.5808,20.0139,19.2593
16,16,20.9252,18.0249,18.4713,18.6235
16,17,22.438,14.3253,16.8779,16.4396
16,18,25.1504,16.0689,19.25,17.3852
16,19,25.4745,17.7259,18.7968,17.2601
16,20,23.6371,18.4994,20.0101,18.5913
16,21,25.5337,18.3262,15.6387,17.4273
16,22,24.9065,14.3549,18.6155,17.1248
16,23,23.4447,11.2445,16.75,18.254
16,24,28.0665,18.8725,15.3565,18.5682
16,25,26.5575,14.0667,19.3643,18.33
16,26,23.9128,16.5371,20.4099,15.9835
16,27,22.5057,18.822,18.7374,17.76
16,28,24.9642,15.0726,19.4488,18.4317
16,29,24.7558,15.5912,19.3366,17.9086
16,30,24.8182,16.4964,15.1549,18.1532
17,1,344.952,239.391,267.869,218.469
17,2,397.515,241.538,262.293,234.103
17,3,392.032,241.108,267.921,235.416
17,4,403.874,246.233,263.959,242.155
17,5,399.786,241.576,261.954,244.116
17,6,385.305,239.992,261.0,238.954
17,7,395.903,243.478,263.647,239.492
17,8,391.296,241.176,269.284,234.74
17,9,401.437,240.955,271.288,238.111
17,10,401.645,242.29,267.548,238.218
17,11,391.261,245.491,267.294,235.741
17,12,363.117,240.937,266.679,235.699
17,13,391.831,234.524,267.429,236.016
17,14,399.004,242.505,279.672,236.344
17,15,393.991,240.891,259.676,236.596
17,16,395.348,239.053,264.304,236.028
17,17,394.831,240.68,272.077,241.398
17,18,400.139,238.978,264.829,237.603
17,19,396.882,237.839,261.731,242.218
17,20,401.097,242.977,262.295,242.792
17,21,401.973,240.799,264.176,241.798
17,22,400.487,245.552,260.972,240.646
17,23,397.119,243.511,262.826,241.43
17,24,400.165,237.93,268.056,244.274
17,25,394.581,247.46,266.712,240.989
17,26,388.865,241.65,268.101,239.639
17,27,395.027,244.027,267.19,239.717
17,28,395.72,244.628,261.734,239.716
17,29,395.542,241.881,266.772,242.331
17,30,404.035,242.755,262.522,240.504
18,1,345.007,258.018,278.615,276.927
18,2,356.273,268.505,274.972,274.003
18,3,351.583,263.635,282.886,274.867
18,4,355.642,260.068,279.724,277.38
18,5,341.227,268.841,276.947,271.411
18,6,351.222,263.466,277.819,272.359
18,7,294.764,257.129,278.933,272.016
18,8,347.297,265.819,272.617,267.795
18,9,358.094,271.69,277.213,279.12
18,10,357.42,268.084,277.678,272.196
18,11,348.15,261.431,275.565,279.676
18,12,350.952,269.893,274.836,278.294
18,13,361.87,263.594,280.249,275.634
18,14,349.525,256.594,279.936,273.108
18,15,363.597,266.189,281.065,273.438
18,16,354.005,268.549,278.364,273.922
18,17,345.003,260.571,276.125,273.445
18,18,345.139,263.777,283.875,278.424
18,19,357.098,262.192,277.99,276.613
18,20,356.359,256.22,276.931,274.403
18,21,351.659,263.757,277.4,275.335
18,22,355.612,260.48,271.286,272.48
18,23,348.078,258.088,277.899,278.468
18,24,337.924,264.926,270.621,278.751
18,25,275.774,262.315,280.001,276.867
18,26,274.986,258.858,276.502,278.053
18,27,278.925,260.352,275.53,282.935
18,28,275.231,270.304,281.329,276.922
18,29,279.221,260.763,275.057,273.635
18,30,280.275,259.403,281.914,273.096
19,1,54.4236,1.77351,55.7691,1.66366
19,2,57.2618,0.767444,53.1977,0.644829
19,3,54.8838,0.803712,52.1991,0.400869
19,4,50.8856,0.858543,54.132,0.57254
19,5,56.3072,0.603177,52.5952,0.632646
19,6,54.5082,0.603429,53.937,0.456044
19,7,56.3229,0.619892,53.8311,0.620882
19,8,52.3503,0.60687,56.8017,0.468642
19,9,55.0853,0.477326,53.0138,0.509963
19,10,58.1586,0.377168,53.7628,0.658858
19,11,54.8414,1.05073,55.4987,0.508177
19,12,55.1076,0.564223,53.635,0.411342
19,13,53.2321,0.388066,52.2564,0.592632
19,14,54.7998,0.492787,56.0084,0.580825
19,15,55.6185,0.495746,53.7142,0.547114
19,16,52.8925,0.966086,54.2797,1.31898
19,17,54.5193,0.293771,55.1161,0.503554
19,18,54.8967,0.446751,58.511,0.606677
19,19,55.6538,0.685188,46.7884,0.601618
19,20,55.4673,0.731752,54.8072,0.581036
19,21,55.8787,0.603715,52.6038,0.433904
19,22,55.0828,0.471075,51.6146,0.545717
19,23,57.1524,0.530094,54.6347,0.518712
19,24,55.8194,0.767774,54.2149,0.557509
19,25,54.0732,0.736202,52.9123,0.54487
19,26,56.2334,0.466994,51.6109,0.460039
19,27,54.3153,1.00424,57.3726,0.568019
19,28,51.2992,0.890442,51.6998,0.636682
19,29,55.5377,0.55218,52.7432,0.483891
19,30,56.4236,0.846956,53.4526,0.325468
20,1,72.801,60.0884,68.6869,59.324
20,2,73.1903,59.8503,67.7928,60.1514
20,3,70.5014,60.4405,68.6187,61.3621
20,4,63.7213,59.0014,69.1541,58.6369
20,5,67.8376,58.8577,71.3205,67.1487
20,6,65.3015,60.8662,59.6716,59.3107
20,7,60.7983,61.6892,60.6632,60.2409
20,8,61.6391,59.4132,64.1014,61.2185
20,9,70.0176,58.19,60.4171,58.327
20,10,62.6305,63.2874,58.3231,59.9466
20,11,67.7969,58.6536,59.5154,60.4041
20,12,63.1621,58.5403,63.1879,61.0258
20,13,66.1083,60.4288,62.9793,60.9799
20,14,60.1717,61.9227,61.6711,59.1641
20,15,60.3837,59.3578,70.2819,60.4982
20,16,70.1935,62.6081,65.6403,62.448
20,17,61.6734,64.1498,68.1024,61.4168
20,18,72.9903,61.3147,62.0973,62.9541
20,19,67.5276,59.3267,61.29,64.4885
20,20,61.0547,58.7546,67.7681,59.4216
20,21,63.7433,59.9018,72.8123,59.5621
20,22,64.1023,59.1355,59.2901,64.253
20,23,61.8633,60.7832,60.0727,63.7742
20,24,71.6869,60.5893,68.7742,66.3403
20,25,63.3145,63.5416,61.6473,60.9822
20,26,64.4144,63.6186,59.1431,60.7976
20,27,61.2797,59.7151,59.174,65.8861
20,28,61.6362,59.6881,63.3813,64.8554
20,29,74.2387,58.6981,63.3916,59.7287
20,30,62.1154,60.4,59.1568,59.2991
21,1,64.2265,60.8617,61.0392,59.2086
21,2,65.0363,60.7231,58.5956,58.5619
21,3,60.9946,60.8386,60.5128,65.0281
21,4,61.1049,66.5702,59.7224,64.7584
21,5,59.8768,60.9762,59.0296,60.7889
21,6,60.8331,63.1215,58.2998,58.9788
21,7,61.0704,64.811,60.6805,60.8916
21,8,60.0179,59.6932,61.0769,60.5699
21,9,61.0263,60.2072,59.8852,59.9276
21,10,66.3103,60.1445,60.8572,66.6807
21,11,62.7843,61.0546,59.6162,60.5502
21,12,62.8712,64.009,61.7968,62.3399
21,13,63.4737,58.5512,61.6543,63.9399
21,14,62.291,61.7526,61.2504,60.6355
21,15,58.0629,60.7782,57.7378,58.0154
21,16,62.2009,66.1081,58.7802,66.0807
21,17,60.5649,65.4845,61.8246,58.6677
21,18,60.4462,60.1985,60.293,61.555
21,19,58.156,61.4155,59.7685,59.421
21,20,64.0467,60.979,61.0687,59.6877
21,21,64.8477,61.4031,62.9984,61.8462
21,22,60.0723,62.5707,58.3567,66.167
21,23,64.904,61.1849,61.3708,62.5911
21,24,61.9622,63.5906,62.0613,61.3515
21,25,61.0215,60.8968,58.2406,61.3977
21,26,60.549,61.0551,59.3275,62.7068
21,27,62.7736,63.7563,62.8974,64.0729
21,28,61.4405,62.2791,59.4813,59.7006
21,29,60.582,59.7066,58.0165,62.735
21,30,62.5684,62.6668,63.246,61.1636
22,1,4155.18,1.50313,4475.45,1.32062
22,2,4381.15,1.66514,4261.24,1.04712
22,3,-121381.0,2.00247,4217.39,0.988554
22,4,4457.08,1.56221,3957.82,0.85516
22,5,4805.73,1.4642,4975.47,1.18198
22,6,3998.29,1.34997,4566.11,1.2234
22,7,4509.66,1.74537,4533.58,1.36599
22,8,4285.32,0.691723,4670.49,1.43898
22,9,3910.03,1.44959,3945.41,1.37901
22,10,5025.61,1.49491,4164.95,1.10182
22,11,3997.46,1.36756,4388.38,0.955659
22,12,4506.19,1.4149,4337.56,1.32347
22,13,4566.12,1.04967,3985.48,1.09456
22,14,4220.08,1.68521,4699.12,1.3443
22,15,4636.77,1.33674,4171.95,1.21416
22,16,4244.43,1.21714,-121487.0,1.19035
22,17,5034.06,1.15176,4419.98,0.998246
22,18,4404.96,1.32661,4819.9,1.32356
22,19,4147.53,1.31267,4581.85,1.25087
22,20,4228.75,1.30082,4021.58,1.06177
22,21,4554.8,0.911589,4527.59,1.31469
22,22,4229.88,1.70506,4518.13,1.27034
22,23,4315.38,1.52147,4105.95,1.05919
22,24,4496.56,1.1732,4680.05,1.14065
22,25,5069.21,1.67603,4213.08,0.723501
22,26,-121800.0,1.2542,4060.48,1.61566
22,27,3954.49,1.62263,5182.53,1.84487
22,28,4829.39,1.30642,4140.57,1.3521
22,29,4236.91,1.33633,4444.83,0.884478
22,30,4760.5,1.83923,4161.36,1.08078
